{
	"Montebello/19th Ave":[-112.099655,33.520002,"boardings",895666,"rank",2,"departures",913526,"rank",2],
	"19th Ave/Camelback Rd":[-112.09958,33.509661,"boardings",496179,"rank",6,"departures",483762,"rank",6],
	"7th Ave/Camelback Rd":[-112.082757,33.509304,"boardings",285608,"rank",17,"departures",297610,"rank",16],
	"Central Ave/Camelback Rd":[-112.074539,33.508427,"boardings",277043,"rank",18,"departures",275227,"rank",18],
	"Campbell/Central Ave":[-112.073777,33.501878,"boardings",309795,"rank",14,"departures",330177,"rank",13],
	"Indian School/Central":[-112.073777,33.495186,"boardings",439463,"rank",9,"departures",417322,"rank",10],
	"Osborn Rd/Central Ave":[-112.073777,33.487384,"boardings",262577,"rank",20,"departures",253542,"rank",21],
	"Thomas Rd/Central Ave":[-112.073777,33.481102,"boardings",427278,"rank",10,"departures",433091,"rank",9],
	"Encanto/Central Ave":[-112.073777,33.474731,"boardings",139974,"rank",26,"departures",134231,"rank",28],
	"McDowell/Central":[-112.073777,33.465342,"boardings",458935,"rank",8,"departures",446338,"rank",8],
	"Roosevelt/Central":[-112.073777,33.458943,"boardings",219290,"rank",24,"departures",212141,"rank",23],
	"Van Buren/Central":[-112.073777,33.45146,"boardings",409054,"rank",4,"departures",368689,"rank",11],
	"Van Buren/1st Ave":[-112.075204,33.45146,"boardings",524615,"rank",11,"departures",523133,"rank",5],
	"Washington/Central":[-112.073895,33.448434,"boardings",263020,"rank",22,"departures",267144,"rank",19],
	"Jefferson Street/1st Ave":[-112.075204,33.447679,"boardings",220973,"rank",19,"departures",216797,"rank",22],
	"3rd Street/Washington":[-112.069562,33.448416,"boardings",227937,"rank",21,"departures",153520,"rank",26],
	"3rd Street/Jefferson":[-112.069562,33.446017,"boardings",149825,"rank",25,"departures",265978,"rank",20],
	"12th Street/Washington":[-112.056622,33.44821,"boardings",68649,"rank",30,"departures",72111,"rank",32],
	"12th Street/Jefferson":[-112.056622,33.447198,"boardings",97837,"rank",33,"departures",92934,"rank",30],
	"24th Street/Washington":[-112.029029,33.448398,"boardings",136794,"rank",28,"departures",123745,"rank",29],
	"24th Street/Jefferson":[-112.029029,33.447091,"boardings",133846,"rank",27,"departures",137948,"rank",27],
	"38th Street/Washington":[-111.999331,33.448165,"boardings",86763,"rank",31,"departures",78609,"rank",31],
	"44th Street/Washington":[-111.987465,33.448237,"boardings",307971,"rank",15,"departures",327616,"rank",14],
	"Priest Dr/Washington":[-111.955515,33.441541,"boardings",490707,"rank",7,"departures",471989,"rank",7],
	"Center Pkwy/Washington":[-111.946052,33.43787,"boardings",69074,"rank",32,"departures",62805,"rank",33],
	"Mill Ave/Third Street":[-111.940151,33.427537,"boardings",344954,"rank",13,"departures",367591,"rank",12],
	"Veterans Way/College":[-111.935259,33.425944,"boardings",502545,"rank",5,"departures",562034,"rank",4],
	"University Dr/Rural":[-111.926204,33.420625,"boardings",620101,"rank",3,"departures",599319,"rank",3],
	"Dorsey Ln/Apache Blvd":[-111.916333,33.414804,"boardings",220249,"rank",23,"departures",206620,"rank",24],
	"McClintock Dr/Apache":[-111.908909,33.414732,"boardings",397276,"rank",12,"departures",321820,"rank",15],
	"Smith-Martin/Apache":[-111.900562,33.414804,"boardings",131139,"rank",29,"departures",162875,"rank",25],
	"Price-101 Fwy/Apache":[-111.887752,33.414768,"boardings",304269,"rank",16,"departures",281094,"rank",17],
	"Sycamore/Main Street":[-111.87065,33.414857,"boardings",984198,"rank",1,"departures",1003966,"rank",1]
}